Yoast SEO;https://ru.wordpress.org/plugins/wordpress-seo/;Улучшите SEO вашего WordPress: поработайте над качеством контента и получите полностью оптимизированный WordPress-сайт с помощью…;5+ млн активных установок;['Протестирован', 'с', '6.5.2']
Контактная форма WPForms — конструктор форм для WordPress с возможностью перетаскивания элементов;https://ru.wordpress.org/plugins/wpforms-lite/;The best WordPress contact form plugin. Drag & Drop form builder to create beautiful contact…;5+ млн активных установок;['Протестирован', 'с', '6.4.4']
Jetpack предназначен для защиты, резервного копирования, повышения скорости работы и развития вашего сайта WordPress;https://ru.wordpress.org/plugins/jetpack/;Укрепите защиту сайта WordPress с помощью простых, но эффективных инструментов: резервного копирования, WAF и проверки…;4+ млн активных установок;['Протестирован', 'с', '6.5.2']
Rank Math SEO with AI Best SEO Tools;https://ru.wordpress.org/plugins/seo-by-rank-math/;Rank Math SEO — лучший WordPress SEO плагин, сочетающий в себе функции многих инструментов SEO…;2+ млн активных установок;['Протестирован', 'с', '6.5.2']
Advanced Editor Tools;https://ru.wordpress.org/plugins/tinymce-advanced/;Расширяет и улучшает редактор блоков (Gutenberg) и классический редактор (TinyMCE).;2+ млн активных установок;['Протестирован', 'с', '6.5.2']
MC4WP: Mailchimp for WordPress;https://ru.wordpress.org/plugins/mailchimp-for-wp/;The #1 Mailchimp plugin for WordPress. Allows you to add a multitude of newsletter sign-up…;2+ млн активных установок;['Протестирован', 'с', '6.5.2']
Smush – Optimize Images | Compress and Lazy Load Images | Convert WebP;https://ru.wordpress.org/plugins/wp-smushit/;Compress images & optimize images with built-in lossless compression, lazy load, WebP conversion, and resize…;1+ млн активных установок;['Протестирован', 'с', '6.4.4']
Smash Balloon Social Photo Feed — лучший плагин для социальных сетей для WordPress;https://ru.wordpress.org/plugins/instagram-feed/;Ранее плагин назывался «Instagram Feed». Аккуратное отображение постов из нескольких учетных записей Instagram в виде…;1+ млн активных установок;['Протестирован', 'с', '6.5.2']
Redux Framework;https://ru.wordpress.org/plugins/redux-framework/;Redux — это простая, действительно расширяемая и полностью адаптируемая структура опций для тем и плагинов…;1+ млн активных установок;['Протестирован', 'с', '6.5.2']
Complianz — GDPR/CCPA Cookie Consent;https://ru.wordpress.org/plugins/complianz-gdpr/;Configure your Cookie Banner, Cookie Consent and Cookie Policy with our Wizard and Cookie Scan.;900 000+ активных установок;['Протестирован', 'с', '6.4.4']
Smart Slider 3;https://ru.wordpress.org/plugins/smart-slider-3/;Плагин адаптивного слайдера для простого создания слайдов в визуальном редакторе. Создавайте красивые слайдеры изображений, слоёв,…;900 000+ активных установок;['Протестирован', 'с', '6.5.2']
Ninja Forms Contact Form — The Drag and Drop Form Builder for WordPress;https://ru.wordpress.org/plugins/ninja-forms/;Конструктор форм WordPress, удобный для новичков. Тащи-и-бросай поля формы, чтобы создать красивые профессиональные контактные формы…;800 000+ активных установок;['Протестирован', 'с', '6.4.4']
The Events Calendar;https://ru.wordpress.org/plugins/the-events-calendar/;The Events Calendar: #1 calendar plugin for WordPress. Create/manage events (virtual too!) on your site…;700 000+ активных установок;['Протестирован', 'с', '6.5.2']
MailPoet — Newsletters, Email Marketing, and Automation;https://ru.wordpress.org/plugins/mailpoet/;Отправляйте прекрасные рассылки из WordPress. Собирайте подписчиков с помощью форм подписки, автоматизируйте письма для WooCommerce,…;700 000+ активных установок;['Протестирован', 'с', '6.4.4']
Spectra — WordPress Gutenberg Blocks;https://ru.wordpress.org/plugins/ultimate-addons-for-gutenberg/;Усиление Gutenberg’а продвинутыми блоками, помогающими создавать сайты в кратчайшие сроки! Это первый плагин Gutenberg созданный…;700 000+ активных установок;['Протестирован', 'с', '6.5.2']
Slider, Gallery, and Carousel by MetaSlider — Responsive WordPress Plugin;https://ru.wordpress.org/plugins/ml-slider/;Лучший плагин слайдера, галереи и карусели для WordPress. Отзывчивый и простой в использовании с изображениями,…;600 000+ активных установок;['Протестирован', 'с', '6.5.2']
WP Shortcodes Plugin — Shortcodes Ultimate;https://ru.wordpress.org/plugins/shortcodes-ultimate/;Обширная коллекция визуальных компонентов для вашего сайта;600 000+ активных установок;['Протестирован', 'с', '6.5.2']
WordPress Gallery Plugin — NextGEN Gallery;https://ru.wordpress.org/plugins/nextgen-gallery/;Самый популярный плагин WordPress для галерей и один из самых загружаемых плагинов за всю историю…;500 000+ активных установок;['Протестирован', 'с', '6.5.2']
Forminator — Форма обратной связи, форма оплаты и произвольный конструктор форм;https://ru.wordpress.org/plugins/forminator/;Лучший плагин для создания форм WordPress. Создавайте контактные формы, формы оплаты и формы заказов с…;500 000+ активных установок;['Протестирован', 'с', '6.5.2']
AMP;https://ru.wordpress.org/plugins/amp/;An easier path to great Page Experience for everyone. Powered by AMP.;400 000+ активных установок;['Протестирован', 'с', '6.5.2']
Yoast SEO;https://ru.wordpress.org/plugins/wordpress-seo/;Улучшите SEO вашего WordPress: поработайте над качеством контента и получите полностью оптимизированный WordPress-сайт с помощью…;5+ млн активных установок;['Протестирован', 'с', '6.5.2']Контактная форма WPForms — конструктор форм для WordPress с возможностью перетаскивания элементов;https://ru.wordpress.org/plugins/wpforms-lite/;The best WordPress contact form plugin. Drag & Drop form builder to create beautiful contact…;5+ млн активных установок;['Протестирован', 'с', '6.4.4']Jetpack предназначен для защиты, резервного копирования, повышения скорости работы и развития вашего сайта WordPress;https://ru.wordpress.org/plugins/jetpack/;Укрепите защиту сайта WordPress с помощью простых, но эффективных инструментов: резервного копирования, WAF и проверки…;4+ млн активных установок;['Протестирован', 'с', '6.5.2']Rank Math SEO with AI Best SEO Tools;https://ru.wordpress.org/plugins/seo-by-rank-math/;Rank Math SEO — лучший WordPress SEO плагин, сочетающий в себе функции многих инструментов SEO…;2+ млн активных установок;['Протестирован', 'с', '6.5.2']Advanced Editor Tools;https://ru.wordpress.org/plugins/tinymce-advanced/;Расширяет и улучшает редактор блоков (Gutenberg) и классический редактор (TinyMCE).;2+ млн активных установок;['Протестирован', 'с', '6.5.2']MC4WP: Mailchimp for WordPress;https://ru.wordpress.org/plugins/mailchimp-for-wp/;The #1 Mailchimp plugin for WordPress. Allows you to add a multitude of newsletter sign-up…;2+ млн активных установок;['Протестирован', 'с', '6.5.2']Smush – Optimize Images | Compress and Lazy Load Images | Convert WebP;https://ru.wordpress.org/plugins/wp-smushit/;Compress images & optimize images with built-in lossless compression, lazy load, WebP conversion, and resize…;1+ млн активных установок;['Протестирован', 'с', '6.4.4']Smash Balloon Social Photo Feed — лучший плагин для социальных сетей для WordPress;https://ru.wordpress.org/plugins/instagram-feed/;Ранее плагин назывался «Instagram Feed». Аккуратное отображение постов из нескольких учетных записей Instagram в виде…;1+ млн активных установок;['Протестирован', 'с', '6.5.2']Redux Framework;https://ru.wordpress.org/plugins/redux-framework/;Redux — это простая, действительно расширяемая и полностью адаптируемая структура опций для тем и плагинов…;1+ млн активных установок;['Протестирован', 'с', '6.5.2']Complianz — GDPR/CCPA Cookie Consent;https://ru.wordpress.org/plugins/complianz-gdpr/;Configure your Cookie Banner, Cookie Consent and Cookie Policy with our Wizard and Cookie Scan.;900 000+ активных установок;['Протестирован', 'с', '6.4.4']Smart Slider 3;https://ru.wordpress.org/plugins/smart-slider-3/;Плагин адаптивного слайдера для простого создания слайдов в визуальном редакторе. Создавайте красивые слайдеры изображений, слоёв,…;900 000+ активных установок;['Протестирован', 'с', '6.5.2']Ninja Forms Contact Form — The Drag and Drop Form Builder for WordPress;https://ru.wordpress.org/plugins/ninja-forms/;Конструктор форм WordPress, удобный для новичков. Тащи-и-бросай поля формы, чтобы создать красивые профессиональные контактные формы…;800 000+ активных установок;['Протестирован', 'с', '6.4.4']The Events Calendar;https://ru.wordpress.org/plugins/the-events-calendar/;The Events Calendar: #1 calendar plugin for WordPress. Create/manage events (virtual too!) on your site…;700 000+ активных установок;['Протестирован', 'с', '6.5.2']MailPoet — Newsletters, Email Marketing, and Automation;https://ru.wordpress.org/plugins/mailpoet/;Отправляйте прекрасные рассылки из WordPress. Собирайте подписчиков с помощью форм подписки, автоматизируйте письма для WooCommerce,…;700 000+ активных установок;['Протестирован', 'с', '6.4.4']Spectra — WordPress Gutenberg Blocks;https://ru.wordpress.org/plugins/ultimate-addons-for-gutenberg/;Усиление Gutenberg’а продвинутыми блоками, помогающими создавать сайты в кратчайшие сроки! Это первый плагин Gutenberg созданный…;700 000+ активных установок;['Протестирован', 'с', '6.5.2']Slider, Gallery, and Carousel by MetaSlider — Responsive WordPress Plugin;https://ru.wordpress.org/plugins/ml-slider/;Лучший плагин слайдера, галереи и карусели для WordPress. Отзывчивый и простой в использовании с изображениями,…;600 000+ активных установок;['Протестирован', 'с', '6.5.2']WP Shortcodes Plugin — Shortcodes Ultimate;https://ru.wordpress.org/plugins/shortcodes-ultimate/;Обширная коллекция визуальных компонентов для вашего сайта;600 000+ активных установок;['Протестирован', 'с', '6.5.2']WordPress Gallery Plugin — NextGEN Gallery;https://ru.wordpress.org/plugins/nextgen-gallery/;Самый популярный плагин WordPress для галерей и один из самых загружаемых плагинов за всю историю…;500 000+ активных установок;['Протестирован', 'с', '6.5.2']Forminator — Форма обратной связи, форма оплаты и произвольный конструктор форм;https://ru.wordpress.org/plugins/forminator/;Лучший плагин для создания форм WordPress. Создавайте контактные формы, формы оплаты и формы заказов с…;500 000+ активных установок;['Протестирован', 'с', '6.5.2']AMP;https://ru.wordpress.org/plugins/amp/;An easier path to great Page Experience for everyone. Powered by AMP.;400 000+ активных установок;['Протестирован', 'с', '6.5.2']CoBlocks — конструктор страниц Блоки Gutenberg;https://ru.wordpress.org/plugins/coblocks/;CoBlocks — это набор блоков WordPress для конструктора страниц для Gutenberg, с более чем 10…;400 000+ активных установок;['Протестирован', 'с', '6.5.2']Gutenberg Blocks with AI by Kadence WP – Page Builder Features;https://ru.wordpress.org/plugins/kadence-blocks/;20+ AI-powered Gutenberg Blocks with endless options, enabling top-notch efficiency for high-performance dynamic website creation.;400 000+ активных установок;['Протестирован', 'с', '6.5.2']Formidable Forms — Contact Form Plugin, Survey, Quiz, Payment, Calculator Form & Custom Form Builder;https://ru.wordpress.org/plugins/formidable/;Самый продвинутый плагин для форм WordPress. Выйдите за рамки контактных форм с нашим конструктором форм…;300 000+ активных установок;['Протестирован', 'с', '6.5.2']Блоки Otter — блоки Gutenberg, конструктор страниц для редактора Gutenberg и FSE;https://ru.wordpress.org/plugins/otter-blocks/;Otter предлагает динамические блоки Gutenberg для Редактора блоков WordPress. Создавайте красивые записи и страницы, используя…;300 000+ активных установок;['Протестирован', 'с', '6.5.2']HubSpot — CRM, Email Marketing, Live Chat, Forms & Analytics;https://ru.wordpress.org/plugins/leadin/;The CRM, Sales, and Marketing WordPress plugin to grow your business better. Capture, organize, and…;300 000+ активных установок;['Протестирован', 'с', '6.4.4']Duplicate Post;https://ru.wordpress.org/plugins/copy-delete-posts/;Дублировать запись;300 000+ активных установок;['Протестирован', 'с', '6.4.4']Yoast SEO;https://ru.wordpress.org/plugins/wordpress-seo/;РЈР»СѓС‡С€РёС‚Рµ SEO РІР°С€РµРіРѕ WordPress: РїРѕСЂР°Р±РѕС‚Р°Р№С‚Рµ РЅР°Рґ РєР°С‡РµСЃС‚РІРѕРј РєРѕРЅС‚РµРЅС‚Р° Рё РїРѕР»СѓС‡РёС‚Рµ РїРѕР»РЅРѕСЃС‚СЊСЋ РѕРїС‚РёРјРёР·РёСЂРѕРІР°РЅРЅС‹Р№ WordPress-СЃР°Р№С‚ СЃ РїРѕРјРѕС‰СЊСЋвЂ¦;5+ РјР»РЅ Р°РєС‚РёРІРЅС‹С… СѓСЃС‚Р°РЅРѕРІРѕРє;['РџСЂРѕС‚РµСЃС‚РёСЂРѕРІР°РЅ', 'СЃ', '6.5.2']РљРѕРЅС‚Р°РєС‚РЅР°СЏ С„РѕСЂРјР° WPForms вЂ” РєРѕРЅСЃС‚СЂСѓРєС‚РѕСЂ С„РѕСЂРј РґР»СЏ WordPress СЃ РІРѕР·РјРѕР¶РЅРѕСЃС‚СЊСЋ РїРµСЂРµС‚Р°СЃРєРёРІР°РЅРёСЏ СЌР»РµРјРµРЅС‚РѕРІ;https://ru.wordpress.org/plugins/wpforms-lite/;The best WordPress contact form plugin. Drag & Drop form builder to create beautiful contactвЂ¦;5+ РјР»РЅ Р°РєС‚РёРІРЅС‹С… СѓСЃС‚Р°РЅРѕРІРѕРє;['РџСЂРѕС‚РµСЃС‚РёСЂРѕРІР°РЅ', 'СЃ', '6.4.4']Jetpack РїСЂРµРґРЅР°Р·РЅР°С‡РµРЅ РґР»СЏ Р·Р°С‰РёС‚С‹, СЂРµР·РµСЂРІРЅРѕРіРѕ РєРѕРїРёСЂРѕРІР°РЅРёСЏ, РїРѕРІС‹С€РµРЅРёСЏ СЃРєРѕСЂРѕСЃС‚Рё СЂР°Р±РѕС‚С‹ Рё СЂР°Р·РІРёС‚РёСЏ РІР°С€РµРіРѕ СЃР°Р№С‚Р° WordPress;https://ru.wordpress.org/plugins/jetpack/;РЈРєСЂРµРїРёС‚Рµ Р·Р°С‰РёС‚Сѓ СЃР°Р№С‚Р° WordPress СЃ РїРѕРјРѕС‰СЊСЋ РїСЂРѕСЃС‚С‹С…, РЅРѕ СЌС„С„РµРєС‚РёРІРЅС‹С… РёРЅСЃС‚СЂСѓРјРµРЅС‚РѕРІ: СЂРµР·РµСЂРІРЅРѕРіРѕ РєРѕРїРёСЂРѕРІР°РЅРёСЏ, WAF Рё РїСЂРѕРІРµСЂРєРёвЂ¦;4+ РјР»РЅ Р°РєС‚РёРІРЅС‹С… СѓСЃС‚Р°РЅРѕРІРѕРє;['РџСЂРѕС‚РµСЃС‚РёСЂРѕРІР°РЅ', 'СЃ', '6.5.2']Rank Math SEO with AI Best SEO Tools;https://ru.wordpress.org/plugins/seo-by-rank-math/;Rank Math SEO вЂ” Р»СѓС‡С€РёР№ WordPress SEO РїР»Р°РіРёРЅ, СЃРѕС‡РµС‚Р°СЋС‰РёР№ РІ СЃРµР±Рµ С„СѓРЅРєС†РёРё РјРЅРѕРіРёС… РёРЅСЃС‚СЂСѓРјРµРЅС‚РѕРІ SEOвЂ¦;2+ РјР»РЅ Р°РєС‚РёРІРЅС‹С… СѓСЃС‚Р°РЅРѕРІРѕРє;['РџСЂРѕС‚РµСЃС‚РёСЂРѕРІР°РЅ', 'СЃ', '6.5.2']Advanced Editor Tools;https://ru.wordpress.org/plugins/tinymce-advanced/;Р Р°СЃС€РёСЂСЏРµС‚ Рё СѓР»СѓС‡С€Р°РµС‚ СЂРµРґР°РєС‚РѕСЂ Р±Р»РѕРєРѕРІ (Gutenberg) Рё РєР»Р°СЃСЃРёС‡РµСЃРєРёР№ СЂРµРґР°РєС‚РѕСЂ (TinyMCE).;2+ РјР»РЅ Р°РєС‚РёРІРЅС‹С… СѓСЃС‚Р°РЅРѕРІРѕРє;['РџСЂРѕС‚РµСЃС‚РёСЂРѕРІР°РЅ', 'СЃ', '6.5.2']MC4WP: Mailchimp for WordPress;https://ru.wordpress.org/plugins/mailchimp-for-wp/;The #1 Mailchimp plugin for WordPress. Allows you to add a multitude of newsletter sign-upвЂ¦;2+ РјР»РЅ Р°РєС‚РёРІРЅС‹С… СѓСЃС‚Р°РЅРѕРІРѕРє;['РџСЂРѕС‚РµСЃС‚РёСЂРѕРІР°РЅ', 'СЃ', '6.5.2']Smush вЂ“ Optimize Images | Compress and Lazy Load Images | Convert WebP;https://ru.wordpress.org/plugins/wp-smushit/;Compress images & optimize images with built-in lossless compression, lazy load, WebP conversion, and resizeвЂ¦;1+ РјР»РЅ Р°РєС‚РёРІРЅС‹С… СѓСЃС‚Р°РЅРѕРІРѕРє;['РџСЂРѕС‚РµСЃС‚РёСЂРѕРІР°РЅ', 'СЃ', '6.4.4']Smash Balloon Social Photo Feed вЂ” Р»СѓС‡С€РёР№ РїР»Р°РіРёРЅ РґР»СЏ СЃРѕС†РёР°Р»СЊРЅС‹С… СЃРµС‚РµР№ РґР»СЏ WordPress;https://ru.wordpress.org/plugins/instagram-feed/;Р Р°РЅРµРµ РїР»Р°РіРёРЅ РЅР°Р·С‹РІР°Р»СЃСЏ В«Instagram FeedВ». РђРєРєСѓСЂР°С‚РЅРѕРµ РѕС‚РѕР±СЂР°Р¶РµРЅРёРµ РїРѕСЃС‚РѕРІ РёР· РЅРµСЃРєРѕР»СЊРєРёС… СѓС‡РµС‚РЅС‹С… Р·Р°РїРёСЃРµР№ Instagram РІ РІРёРґРµвЂ¦;1+ РјР»РЅ Р°РєС‚РёРІРЅС‹С… СѓСЃС‚Р°РЅРѕРІРѕРє;['РџСЂРѕС‚РµСЃС‚РёСЂРѕРІР°РЅ', 'СЃ', '6.5.2']Redux Framework;https://ru.wordpress.org/plugins/redux-framework/;Redux вЂ” СЌС‚Рѕ РїСЂРѕСЃС‚Р°СЏ, РґРµР№СЃС‚РІРёС‚РµР»СЊРЅРѕ СЂР°СЃС€РёСЂСЏРµРјР°СЏ Рё РїРѕР»РЅРѕСЃС‚СЊСЋ Р°РґР°РїС‚РёСЂСѓРµРјР°СЏ СЃС‚СЂСѓРєС‚СѓСЂР° РѕРїС†РёР№ РґР»СЏ С‚РµРј Рё РїР»Р°РіРёРЅРѕРІвЂ¦;1+ РјР»РЅ Р°РєС‚РёРІРЅС‹С… СѓСЃС‚Р°РЅРѕРІРѕРє;['РџСЂРѕС‚РµСЃС‚РёСЂРѕРІР°РЅ', 'СЃ', '6.5.2']Complianz вЂ” GDPR/CCPA Cookie Consent;https://ru.wordpress.org/plugins/complianz-gdpr/;Configure your Cookie Banner, Cookie Consent and Cookie Policy with our Wizard and Cookie Scan.;900В 000+ Р°РєС‚РёРІРЅС‹С… СѓСЃС‚Р°РЅРѕРІРѕРє;['РџСЂРѕС‚РµСЃС‚РёСЂРѕРІР°РЅ', 'СЃ', '6.4.4']Smart Slider 3;https://ru.wordpress.org/plugins/smart-slider-3/;РџР»Р°РіРёРЅ Р°РґР°РїС‚РёРІРЅРѕРіРѕ СЃР»Р°Р№РґРµСЂР° РґР»СЏ РїСЂРѕСЃС‚РѕРіРѕ СЃРѕР·РґР°РЅРёСЏ СЃР»Р°Р№РґРѕРІ РІ РІРёР·СѓР°Р»СЊРЅРѕРј СЂРµРґР°РєС‚РѕСЂРµ. РЎРѕР·РґР°РІР°Р№С‚Рµ РєСЂР°СЃРёРІС‹Рµ СЃР»Р°Р№РґРµСЂС‹ РёР·РѕР±СЂР°Р¶РµРЅРёР№, СЃР»РѕС‘РІ,вЂ¦;900В 000+ Р°РєС‚РёРІРЅС‹С… СѓСЃС‚Р°РЅРѕРІРѕРє;['РџСЂРѕС‚РµСЃС‚РёСЂРѕРІР°РЅ', 'СЃ', '6.5.2']Ninja Forms Contact Form вЂ” The Drag and Drop Form Builder for WordPress;https://ru.wordpress.org/plugins/ninja-forms/;РљРѕРЅСЃС‚СЂСѓРєС‚РѕСЂ С„РѕСЂРј WordPress, СѓРґРѕР±РЅС‹Р№ РґР»СЏ РЅРѕРІРёС‡РєРѕРІ. РўР°С‰Рё-Рё-Р±СЂРѕСЃР°Р№ РїРѕР»СЏ С„РѕСЂРјС‹, С‡С‚РѕР±С‹ СЃРѕР·РґР°С‚СЊ РєСЂР°СЃРёРІС‹Рµ РїСЂРѕС„РµСЃСЃРёРѕРЅР°Р»СЊРЅС‹Рµ РєРѕРЅС‚Р°РєС‚РЅС‹Рµ С„РѕСЂРјС‹вЂ¦;800В 000+ Р°РєС‚РёРІРЅС‹С… СѓСЃС‚Р°РЅРѕРІРѕРє;['РџСЂРѕС‚РµСЃС‚РёСЂРѕРІР°РЅ', 'СЃ', '6.4.4']The Events Calendar;https://ru.wordpress.org/plugins/the-events-calendar/;The Events Calendar: #1 calendar plugin for WordPress. Create/manage events (virtual too!) on your siteвЂ¦;700В 000+ Р°РєС‚РёРІРЅС‹С… СѓСЃС‚Р°РЅРѕРІРѕРє;['РџСЂРѕС‚РµСЃС‚РёСЂРѕРІР°РЅ', 'СЃ', '6.5.2']MailPoet вЂ” Newsletters, Email Marketing, and Automation;https://ru.wordpress.org/plugins/mailpoet/;РћС‚РїСЂР°РІР»СЏР№С‚Рµ РїСЂРµРєСЂР°СЃРЅС‹Рµ СЂР°СЃСЃС‹Р»РєРё РёР· WordPress. РЎРѕР±РёСЂР°Р№С‚Рµ РїРѕРґРїРёСЃС‡РёРєРѕРІ СЃ РїРѕРјРѕС‰СЊСЋ С„РѕСЂРј РїРѕРґРїРёСЃРєРё, Р°РІС‚РѕРјР°С‚РёР·РёСЂСѓР№С‚Рµ РїРёСЃСЊРјР° РґР»СЏ WooCommerce,вЂ¦;700В 000+ Р°РєС‚РёРІРЅС‹С… СѓСЃС‚Р°РЅРѕРІРѕРє;['РџСЂРѕС‚РµСЃС‚РёСЂРѕРІР°РЅ', 'СЃ', '6.4.4']Spectra вЂ” WordPress Gutenberg Blocks;https://ru.wordpress.org/plugins/ultimate-addons-for-gutenberg/;РЈСЃРёР»РµРЅРёРµ GutenbergвЂ™Р° РїСЂРѕРґРІРёРЅСѓС‚С‹РјРё Р±Р»РѕРєР°РјРё, РїРѕРјРѕРіР°СЋС‰РёРјРё СЃРѕР·РґР°РІР°С‚СЊ СЃР°Р№С‚С‹ РІ РєСЂР°С‚С‡Р°Р№С€РёРµ СЃСЂРѕРєРё! Р­С‚Рѕ РїРµСЂРІС‹Р№ РїР»Р°РіРёРЅ Gutenberg СЃРѕР·РґР°РЅРЅС‹Р№вЂ¦;700В 000+ Р°РєС‚РёРІРЅС‹С… СѓСЃС‚Р°РЅРѕРІРѕРє;['РџСЂРѕС‚РµСЃС‚РёСЂРѕРІР°РЅ', 'СЃ', '6.5.2']Slider, Gallery, and Carousel by MetaSlider вЂ” Responsive WordPress Plugin;https://ru.wordpress.org/plugins/ml-slider/;Р›СѓС‡С€РёР№ РїР»Р°РіРёРЅ СЃР»Р°Р№РґРµСЂР°, РіР°Р»РµСЂРµРё Рё РєР°СЂСѓСЃРµР»Рё РґР»СЏ WordPress. РћС‚Р·С‹РІС‡РёРІС‹Р№ Рё РїСЂРѕСЃС‚РѕР№ РІ РёСЃРїРѕР»СЊР·РѕРІР°РЅРёРё СЃ РёР·РѕР±СЂР°Р¶РµРЅРёСЏРјРё,вЂ¦;600В 000+ Р°РєС‚РёРІРЅС‹С… СѓСЃС‚Р°РЅРѕРІРѕРє;['РџСЂРѕС‚РµСЃС‚РёСЂРѕРІР°РЅ', 'СЃ', '6.5.2']WP Shortcodes Plugin вЂ” Shortcodes Ultimate;https://ru.wordpress.org/plugins/shortcodes-ultimate/;РћР±С€РёСЂРЅР°СЏ РєРѕР»Р»РµРєС†РёСЏ РІРёР·СѓР°Р»СЊРЅС‹С… РєРѕРјРїРѕРЅРµРЅС‚РѕРІ РґР»СЏ РІР°С€РµРіРѕ СЃР°Р№С‚Р°;600В 000+ Р°РєС‚РёРІРЅС‹С… СѓСЃС‚Р°РЅРѕРІРѕРє;['РџСЂРѕС‚РµСЃС‚РёСЂРѕРІР°РЅ', 'СЃ', '6.5.2']WordPress Gallery Plugin вЂ” NextGEN Gallery;https://ru.wordpress.org/plugins/nextgen-gallery/;РЎР°РјС‹Р№ РїРѕРїСѓР»СЏСЂРЅС‹Р№ РїР»Р°РіРёРЅ WordPress РґР»СЏ РіР°Р»РµСЂРµР№ Рё РѕРґРёРЅ РёР· СЃР°РјС‹С… Р·Р°РіСЂСѓР¶Р°РµРјС‹С… РїР»Р°РіРёРЅРѕРІ Р·Р° РІСЃСЋ РёСЃС‚РѕСЂРёСЋвЂ¦;500В 000+ Р°РєС‚РёРІРЅС‹С… СѓСЃС‚Р°РЅРѕРІРѕРє;['РџСЂРѕС‚РµСЃС‚РёСЂРѕРІР°РЅ', 'СЃ', '6.5.2']Forminator вЂ” Р¤РѕСЂРјР° РѕР±СЂР°С‚РЅРѕР№ СЃРІСЏР·Рё, С„РѕСЂРјР° РѕРїР»Р°С‚С‹ Рё РїСЂРѕРёР·РІРѕР»СЊРЅС‹Р№ РєРѕРЅСЃС‚СЂСѓРєС‚РѕСЂ С„РѕСЂРј;https://ru.wordpress.org/plugins/forminator/;Р›СѓС‡С€РёР№ РїР»Р°РіРёРЅ РґР»СЏ СЃРѕР·РґР°РЅРёСЏ С„РѕСЂРј WordPress. РЎРѕР·РґР°РІР°Р№С‚Рµ РєРѕРЅС‚Р°РєС‚РЅС‹Рµ С„РѕСЂРјС‹, С„РѕСЂРјС‹ РѕРїР»Р°С‚С‹ Рё С„РѕСЂРјС‹ Р·Р°РєР°Р·РѕРІ СЃвЂ¦;500В 000+ Р°РєС‚РёРІРЅС‹С… СѓСЃС‚Р°РЅРѕРІРѕРє;['РџСЂРѕС‚РµСЃС‚РёСЂРѕРІР°РЅ', 'СЃ', '6.5.2']AMP;https://ru.wordpress.org/plugins/amp/;An easier path to great Page Experience for everyone. Powered by AMP.;400В 000+ Р°РєС‚РёРІРЅС‹С… СѓСЃС‚Р°РЅРѕРІРѕРє;['РџСЂРѕС‚РµСЃС‚РёСЂРѕРІР°РЅ', 'СЃ', '6.5.2']CoBlocks вЂ” РєРѕРЅСЃС‚СЂСѓРєС‚РѕСЂ СЃС‚СЂР°РЅРёС† Р‘Р»РѕРєРё Gutenberg;https://ru.wordpress.org/plugins/coblocks/;CoBlocks вЂ” СЌС‚Рѕ РЅР°Р±РѕСЂ Р±Р»РѕРєРѕРІ WordPress РґР»СЏ РєРѕРЅСЃС‚СЂСѓРєС‚РѕСЂР° СЃС‚СЂР°РЅРёС† РґР»СЏ Gutenberg, СЃ Р±РѕР»РµРµ С‡РµРј 10вЂ¦;400В 000+ Р°РєС‚РёРІРЅС‹С… СѓСЃС‚Р°РЅРѕРІРѕРє;['РџСЂРѕС‚РµСЃС‚РёСЂРѕРІР°РЅ', 'СЃ', '6.5.2']Gutenberg Blocks with AI by Kadence WP вЂ“ Page Builder Features;https://ru.wordpress.org/plugins/kadence-blocks/;20+ AI-powered Gutenberg Blocks with endless options, enabling top-notch efficiency for high-performance dynamic website creation.;400В 000+ Р°РєС‚РёРІРЅС‹С… СѓСЃС‚Р°РЅРѕРІРѕРє;['РџСЂРѕС‚РµСЃС‚РёСЂРѕРІР°РЅ', 'СЃ', '6.5.2']Formidable Forms вЂ” Contact Form Plugin, Survey, Quiz, Payment, Calculator Form & Custom Form Builder;https://ru.wordpress.org/plugins/formidable/;РЎР°РјС‹Р№ РїСЂРѕРґРІРёРЅСѓС‚С‹Р№ РїР»Р°РіРёРЅ РґР»СЏ С„РѕСЂРј WordPress. Р’С‹Р№РґРёС‚Рµ Р·Р° СЂР°РјРєРё РєРѕРЅС‚Р°РєС‚РЅС‹С… С„РѕСЂРј СЃ РЅР°С€РёРј РєРѕРЅСЃС‚СЂСѓРєС‚РѕСЂРѕРј С„РѕСЂРјвЂ¦;300В 000+ Р°РєС‚РёРІРЅС‹С… СѓСЃС‚Р°РЅРѕРІРѕРє;['РџСЂРѕС‚РµСЃС‚РёСЂРѕРІР°РЅ', 'СЃ', '6.5.2']Р‘Р»РѕРєРё Otter вЂ” Р±Р»РѕРєРё Gutenberg, РєРѕРЅСЃС‚СЂСѓРєС‚РѕСЂ СЃС‚СЂР°РЅРёС† РґР»СЏ СЂРµРґР°РєС‚РѕСЂР° Gutenberg Рё FSE;https://ru.wordpress.org/plugins/otter-blocks/;Otter РїСЂРµРґР»Р°РіР°РµС‚ РґРёРЅР°РјРёС‡РµСЃРєРёРµ Р±Р»РѕРєРё Gutenberg РґР»СЏ Р РµРґР°РєС‚РѕСЂР° Р±Р»РѕРєРѕРІ WordPress. РЎРѕР·РґР°РІР°Р№С‚Рµ РєСЂР°СЃРёРІС‹Рµ Р·Р°РїРёСЃРё Рё СЃС‚СЂР°РЅРёС†С‹, РёСЃРїРѕР»СЊР·СѓСЏвЂ¦;300В 000+ Р°РєС‚РёРІРЅС‹С… СѓСЃС‚Р°РЅРѕРІРѕРє;['РџСЂРѕС‚РµСЃС‚РёСЂРѕРІР°РЅ', 'СЃ', '6.5.2']HubSpot вЂ” CRM, Email Marketing, Live Chat, Forms & Analytics;https://ru.wordpress.org/plugins/leadin/;The CRM, Sales, and Marketing WordPress plugin to grow your business better. Capture, organize, andвЂ¦;300В 000+ Р°РєС‚РёРІРЅС‹С… СѓСЃС‚Р°РЅРѕРІРѕРє;['РџСЂРѕС‚РµСЃС‚РёСЂРѕРІР°РЅ', 'СЃ', '6.4.4']Duplicate Post;https://ru.wordpress.org/plugins/copy-delete-posts/;Р”СѓР±Р»РёСЂРѕРІР°С‚СЊ Р·Р°РїРёСЃСЊ;300В 000+ Р°РєС‚РёРІРЅС‹С… СѓСЃС‚Р°РЅРѕРІРѕРє;['РџСЂРѕС‚РµСЃС‚РёСЂРѕРІР°РЅ', 'СЃ', '6.4.4']Pretty Links вЂ” Affiliate Links, Link Branding, Link Tracking & Marketing Plugin;https://ru.wordpress.org/plugins/pretty-link/;рџЊ  The best WordPress link management, branding, tracking & sharing plugin. Easily make pretty &вЂ¦;300В 000+ Р°РєС‚РёРІРЅС‹С… СѓСЃС‚Р°РЅРѕРІРѕРє;['РџСЂРѕС‚РµСЃС‚РёСЂРѕРІР°РЅ', 'СЃ', '6.5.2']SEOPress вЂ” On-site SEO;https://ru.wordpress.org/plugins/wp-seopress/;SEOPress, РїСЂРѕСЃС‚РѕР№, Р±С‹СЃС‚СЂС‹Р№ Рё РјРѕС‰РЅС‹Р№ SEO РїР»Р°РіРёРЅ РґР»СЏ WordPress. РџРѕРІС‹С€РµРЅРёРµ СЂРµР№С‚РёРЅРіР° РІ РїРѕРёСЃРєРѕРІС‹С… СЃРёСЃС‚РµРјР°С…, РїРѕР»РЅРѕСЃС‚СЊСЋвЂ¦;300В 000+ Р°РєС‚РёРІРЅС‹С… СѓСЃС‚Р°РЅРѕРІРѕРє;['РџСЂРѕС‚РµСЃС‚РёСЂРѕРІР°РЅ', 'СЃ', '6.5.2']Members вЂ” Membership & User Role Editor Plugin;https://ru.wordpress.org/plugins/members/;Р›СѓС‡С€РёР№ РїР»Р°РіРёРЅ РґР»СЏ СѓРїСЂР°РІР»РµРЅРёСЏ РїРѕР»СЊР·РѕРІР°С‚РµР»СЏРјРё WordPress Рё СЂРµРґР°РєС‚РёСЂРѕРІР°РЅРёСЏ СЂРѕР»РµР№ РїРѕР»СЊР·РѕРІР°С‚РµР»РµР№. User Roles & Capabilities РїРѕР·РІРѕР»СЏРµС‚вЂ¦;300В 000+ Р°РєС‚РёРІРЅС‹С… СѓСЃС‚Р°РЅРѕРІРѕРє;['РџСЂРѕС‚РµСЃС‚РёСЂРѕРІР°РЅ', 'СЃ', '6.4.4']Popup Builder вЂ” Create highly converting, mobile friendly marketing popups.;https://ru.wordpress.org/plugins/popup-builder/;РЈРІРµР»РёС‡СЊС‚Рµ РїСЂРѕРґР°Р¶Рё Рё РєРѕРЅРІРµСЂСЃРёСЋ, РѕРїСЂРµРґРµР»РёС‚Рµ РєСЂСѓРі РїРѕС‚РµРЅС†РёР°Р»СЊРЅС‹С… РїРѕС‚СЂРµР±РёС‚РµР»РµР№ Рё РїРѕР»СѓС‡РёС‚Рµ С…РѕСЂРѕС€РёР№ РїСЂРёР·С‹РІ Рє РґРµР№СЃС‚РІРёСЋ СЃвЂ¦;200В 000+ Р°РєС‚РёРІРЅС‹С… СѓСЃС‚Р°РЅРѕРІРѕРє;['РџСЂРѕС‚РµСЃС‚РёСЂРѕРІР°РЅ', 'СЃ', '6.5.2']Photo Gallery by 10Web вЂ” Mobile-Friendly Image Gallery;https://ru.wordpress.org/plugins/photo-gallery/;Photo Gallery вЂ” СЌС‚Рѕ РјРѕС‰РЅС‹Р№ РїР»Р°РіРёРЅ РіР°Р»РµСЂРµРё РёР·РѕР±СЂР°Р¶РµРЅРёР№ СЃРѕ СЃРїРёСЃРєРѕРј СЂР°СЃС€РёСЂРµРЅРЅС‹С… РїР°СЂР°РјРµС‚СЂРѕРІ РґР»СЏ СЃРѕР·РґР°РЅРёСЏ Р°РґР°РїС‚РёРІРЅС‹С…вЂ¦;200В 000+ Р°РєС‚РёРІРЅС‹С… СѓСЃС‚Р°РЅРѕРІРѕРє;['РџСЂРѕС‚РµСЃС‚РёСЂРѕРІР°РЅ', 'СЃ', '6.5.2']Orbit Fox РѕС‚ ThemeIsle;https://ru.wordpress.org/plugins/themeisle-companion/;Р­С‚РѕС‚ РїР»Р°РіРёРЅ С€РІРµР№С†Р°СЂСЃРєРёР№ РЅРѕР¶, РїРѕСЃС‚Р°РІР»СЏРµС‚СЃСЏ СЃ РєР°С‡РµСЃС‚РІРµРЅРЅРѕР№ Р±РёР±Р»РёРѕС‚РµРєРѕР№ С€Р°Р±Р»РѕРЅРѕРІ, РјРѕРґСѓР»СЏРјРё РјРµРЅСЋ/Р·РЅР°С‡РєРѕРІ РѕР±С‰РµРіРѕ РґРѕСЃС‚СѓРїР°, Р±Р»РѕРєР°РјРё GutenbergвЂ¦;200В 000+ Р°РєС‚РёРІРЅС‹С… СѓСЃС‚Р°РЅРѕРІРѕРє;['РџСЂРѕС‚РµСЃС‚РёСЂРѕРІР°РЅ', 'СЃ', '6.5.2']Fonts Plugin | Google Fonts Typography;https://ru.wordpress.org/plugins/olympus-google-fonts/;РЎР°РјС‹Р№ РїСЂРѕСЃС‚РѕР№ РІ РёСЃРїРѕР»СЊР·РѕРІР°РЅРёРё РїР»Р°РіРёРЅ Google Fonts. РљРѕРґРёСЂРѕРІР°РЅРёСЏ РЅРµ С‚СЂРµР±СѓРµС‚СЃСЏ. РћРїС‚РёРјРёР·РёСЂРѕРІР°РЅ РґР»СЏ СЃРєРѕСЂРѕСЃС‚Рё. Р‘РѕР»РµРµ 1000вЂ¦;200В 000+ Р°РєС‚РёРІРЅС‹С… СѓСЃС‚Р°РЅРѕРІРѕРє;['РџСЂРѕС‚РµСЃС‚РёСЂРѕРІР°РЅ', 'СЃ', '6.5.2']Burst Statistics вЂ” Privacy-Friendly Analytics for WordPress;https://ru.wordpress.org/plugins/burst-statistics/;Self-hosted and privacy-friendly analytics for WordPress.;200В 000+ Р°РєС‚РёРІРЅС‹С… СѓСЃС‚Р°РЅРѕРІРѕРє;['РџСЂРѕС‚РµСЃС‚РёСЂРѕРІР°РЅ', 'СЃ', '6.5.2']Smash Balloon Social Post Feed;https://ru.wordpress.org/plugins/custom-facebook-feed/;"Formerly ""Custom Facebook Feed"". Display completely customizable Facebook feeds of a Facebook page. Supports FacebookвЂ¦";200В 000+ Р°РєС‚РёРІРЅС‹С… СѓСЃС‚Р°РЅРѕРІРѕРє;['РџСЂРѕС‚РµСЃС‚РёСЂРѕРІР°РЅ', 'СЃ', '6.5.2']YouTube WordPress Plugin by Embed Plus;https://ru.wordpress.org/plugins/youtube-embed-plus/;РџР»Р°РіРёРЅ YouTube Embed. Р’СЃС‚Р°РІСЊС‚Рµ Р°РґР°РїС‚РёРІРЅРѕРµ РІРёРґРµРѕ, РіР°Р»РµСЂРµСЋ РєР°РЅР°Р»РѕРІ YouTube, РіР°Р»РµСЂРµСЋ РїР»РµР№Р»РёСЃС‚РѕРІ, РїСЂСЏРјСѓСЋ С‚СЂР°РЅСЃР»СЏС†РёСЋ РЅР° YouTube.вЂ¦;100В 000+ Р°РєС‚РёРІРЅС‹С… СѓСЃС‚Р°РЅРѕРІРѕРє;['РџСЂРѕС‚РµСЃС‚РёСЂРѕРІР°РЅ', 'СЃ', '6.5.2']Best WordPress Gallery Plugin вЂ“ FooGallery;https://ru.wordpress.org/plugins/foogallery/;Р›СѓС‡С€РёР№ РїР»Р°РіРёРЅ РіР°Р»РµСЂРµРё WordPress. РЎРѕР·РґР°РІР°Р№С‚Рµ РїРѕС‚СЂСЏСЃР°СЋС‰РёРµ РіР°Р»РµСЂРµРё Р·Р° СЃС‡РёС‚Р°РЅРЅС‹Рµ РјРёРЅСѓС‚С‹ СЃ СЂР°СЃС€РёСЂРµРЅРЅС‹РјРё РЅР°СЃС‚СЂРѕР№РєР°РјРё РґР»СЏ РїРѕР»РЅРѕР№вЂ¦;100В 000+ Р°РєС‚РёРІРЅС‹С… СѓСЃС‚Р°РЅРѕРІРѕРє;['РџСЂРѕС‚РµСЃС‚РёСЂРѕРІР°РЅ', 'СЃ', '6.5.2']Layout Grid Block;https://ru.wordpress.org/plugins/layout-grid/;РљРѕРЅС‚РµР№РЅРµСЂРЅС‹Р№ Р±Р»РѕРє Gutenberg РїРѕР·РІРѕР»СЏРµС‚ РµРґРёРЅРѕРѕР±СЂР°Р·РЅРѕ РІС‹СЂР°РІРЅРёРІР°С‚СЊ СЌР»РµРјРµРЅС‚С‹ РїРѕ РіР»РѕР±Р°Р»СЊРЅРѕР№ СЃРµС‚РєРµ.;100В 000+ Р°РєС‚РёРІРЅС‹С… СѓСЃС‚Р°РЅРѕРІРѕРє;['РџСЂРѕС‚РµСЃС‚РёСЂРѕРІР°РЅ', 'СЃ', '6.2.5']Gallery Plugin for WordPress вЂ” Envira Photo Gallery;https://ru.wordpress.org/plugins/envira-gallery-lite/;Р“Р°Р»РµСЂРµСЏ Envira СЃР°РјС‹Р№ Р±С‹СЃС‚СЂС‹Р№, СЃР°РјС‹Р№ РїСЂРѕСЃС‚РѕР№ РІ РёСЃРїРѕР»СЊР·РѕРІР°РЅРёРё РїР»Р°РіРёРЅ WordPress РіР°Р»РµСЂРµРё РёР·РѕР±СЂР°Р¶РµРЅРёР№. Lightbox СЃ DragвЂ¦;100В 000+ Р°РєС‚РёРІРЅС‹С… СѓСЃС‚Р°РЅРѕРІРѕРє;['РџСЂРѕС‚РµСЃС‚РёСЂРѕРІР°РЅ', 'СЃ', '6.5.2']Custom Twitter Feeds вЂ” A Tweets Widget or X Feed Widget;https://ru.wordpress.org/plugins/custom-twitter-feeds/;Display X posts (Twitter tweets) from any public user account in a clean, attractive lookingвЂ¦;100В 000+ Р°РєС‚РёРІРЅС‹С… СѓСЃС‚Р°РЅРѕРІРѕРє;['РџСЂРѕС‚РµСЃС‚РёСЂРѕРІР°РЅ', 'СЃ', '6.5.2']Web Stories;https://ru.wordpress.org/plugins/web-stories/;Web Stories вЂ” СЌС‚Рѕ РІРёР·СѓР°Р»СЊРЅС‹Рµ РёСЃС‚РѕСЂРёРё РґР»СЏ РІР°С€РµРіРѕ СЃР°Р№С‚Р° СЃ Р±С‹СЃС‚СЂРѕР№ Р·Р°РіСЂСѓР·РєРѕР№ Рё РїРѕР»РЅРѕСЌРєСЂР°РЅРЅС‹Рј СЂРµР¶РёРјРѕРј,вЂ¦;100В 000+ Р°РєС‚РёРІРЅС‹С… СѓСЃС‚Р°РЅРѕРІРѕРє;['РџСЂРѕС‚РµСЃС‚РёСЂРѕРІР°РЅ', 'СЃ', '6.5.2']Essential Blocks вЂ“ Page Builder Gutenberg Blocks, Patterns & Templates;https://ru.wordpress.org/plugins/essential-blocks/;The Essential Blocks Library for WordPress Gutenberg Editor.;100В 000+ Р°РєС‚РёРІРЅС‹С… СѓСЃС‚Р°РЅРѕРІРѕРє;['РџСЂРѕС‚РµСЃС‚РёСЂРѕРІР°РЅ', 'СЃ', '6.5.2']GiveWP вЂ” РџР»Р°С‚С„РѕСЂРјР° РґР»СЏ РїРѕР¶РµСЂС‚РІРѕРІР°РЅРёР№ Рё С„Р°РЅРґСЂР°Р№Р·РёРЅРіР°;https://ru.wordpress.org/plugins/give/;РџСЂРёРЅРёРјР°Р№С‚Рµ РїРѕР¶РµСЂС‚РІРѕРІР°РЅРёСЏ Рё РЅР°С‡РёРЅР°Р№С‚Рµ СЃР±РѕСЂ СЃСЂРµРґСЃС‚РІ СЃ РїРѕРјРѕС‰СЊСЋ GiveWP, РїР»Р°РіРёРЅР° РґР»СЏ РїРѕР¶РµСЂС‚РІРѕРІР°РЅРёР№ WordPress СЃ СЃР°РјС‹РјвЂ¦;100В 000+ Р°РєС‚РёРІРЅС‹С… СѓСЃС‚Р°РЅРѕРІРѕРє;['РџСЂРѕС‚РµСЃС‚РёСЂРѕРІР°РЅ', 'СЃ', '6.5.2']Social Icons Widget & Block by WPZOOM;https://ru.wordpress.org/plugins/social-icons-widget-by-wpzoom/;Quickly add icons with links to your profiles from different social networks and sites! SocialвЂ¦;100В 000+ Р°РєС‚РёРІРЅС‹С… СѓСЃС‚Р°РЅРѕРІРѕРє;['РџСЂРѕС‚РµСЃС‚РёСЂРѕРІР°РЅ', 'СЃ', '6.5.2']Schema & Structured Data for WP & AMP;https://ru.wordpress.org/plugins/schema-and-structured-data-for-wp/;Schema & Structured Data for WP & AMP adds Google Rich Snippets markup according toвЂ¦;100В 000+ Р°РєС‚РёРІРЅС‹С… СѓСЃС‚Р°РЅРѕРІРѕРє;['РџСЂРѕС‚РµСЃС‚РёСЂРѕРІР°РЅ', 'СЃ', '6.5.2']Pods вЂ” Custom Content Types and Fields;https://ru.wordpress.org/plugins/pods/;Pods вЂ” СЌС‚Рѕ РїР»Р°С‚С„РѕСЂРјР° РґР»СЏ СЃРѕР·РґР°РЅРёСЏ, СѓРїСЂР°РІР»РµРЅРёСЏ Рё СЂР°Р·РІРµСЂС‚С‹РІР°РЅРёСЏ РЅР°СЃС‚СЂР°РёРІР°РµРјС‹С… С‚РёРїРѕРІ РєРѕРЅС‚РµРЅС‚Р° Рё РїРѕР»РµР№ РґР»СЏвЂ¦;100В 000+ Р°РєС‚РёРІРЅС‹С… СѓСЃС‚Р°РЅРѕРІРѕРє;['РџСЂРѕС‚РµСЃС‚РёСЂРѕРІР°РЅ', 'СЃ', '6.5.2']LuckyWP Table of Contents;https://ru.wordpress.org/plugins/luckywp-table-of-contents/;РЎРѕР·РґР°С‘С‚ SEO-РґСЂСѓР¶РµСЃС‚РІРµРЅРЅРѕРµ СЃРѕРґРµСЂР¶Р°РЅРёРµ РґР»СЏ РІР°С€РёС… РїРѕСЃС‚РѕРІ/СЃС‚СЂР°РЅРёС†. Р Р°Р±РѕС‚Р°РµС‚ Р°РІС‚РѕРјР°С‚РёС‡РµСЃРєРё РёР»Рё РІСЂСѓС‡РЅСѓСЋ (С‡РµСЂРµР· С€РѕСЂС‚РєРѕРґ, Gutenberg-Р±Р»РѕРє РёР»Рё РІРёРґР¶РµС‚).;100В 000+ Р°РєС‚РёРІРЅС‹С… СѓСЃС‚Р°РЅРѕРІРѕРє;['РџСЂРѕС‚РµСЃС‚РёСЂРѕРІР°РЅ', 'СЃ', '5.9.9']Hustle вЂ” Email Marketing, Lead Generation, Optins, Popups;https://ru.wordpress.org/plugins/wordpress-popup/;Setup email optin forms, popups, newsletter forms & subscription forms to generate email leads withвЂ¦;100В 000+ Р°РєС‚РёРІРЅС‹С… СѓСЃС‚Р°РЅРѕРІРѕРє;['РџСЂРѕС‚РµСЃС‚РёСЂРѕРІР°РЅ', 'СЃ', '6.4.4']Feeds for YouTube (РїР»Р°РіРёРЅ РґР»СЏ РІРёРґРµРѕ, РєР°РЅР°Р»Р° Рё РіР°Р»РµСЂРµРё YouTube);https://ru.wordpress.org/plugins/feeds-for-youtube/;РџР»Р°РіРёРЅ Feeds for YouTube РїРѕР·РІРѕР»СЏРµС‚ РѕС‚РѕР±СЂР°Р¶Р°С‚СЊ РЅР°СЃС‚СЂР°РёРІР°РµРјС‹Рµ Р»РµРЅС‚С‹ YouTube СЃ Р»СЋР±РѕРіРѕ РєР°РЅР°Р»Р° YouTube.;100В 000+ Р°РєС‚РёРІРЅС‹С… СѓСЃС‚Р°РЅРѕРІРѕРє;['РџСЂРѕС‚РµСЃС‚РёСЂРѕРІР°РЅ', 'СЃ', '6.5.2']Genesis Blocks;https://ru.wordpress.org/plugins/genesis-blocks/;A collection of content blocks, sections, & full-page layouts for the block editor.;100В 000+ Р°РєС‚РёРІРЅС‹С… СѓСЃС‚Р°РЅРѕРІРѕРє;['РџСЂРѕС‚РµСЃС‚РёСЂРѕРІР°РЅ', 'СЃ', '6.5.2']Paid Memberships Pro вЂ” Content Restriction, User Registration, & Paid Subscriptions;https://ru.wordpress.org/plugins/paid-memberships-pro/;Build a membership site that grows with you: user registration, member profiles, 28 protected contentвЂ¦;90В 000+ Р°РєС‚РёРІРЅС‹С… СѓСЃС‚Р°РЅРѕРІРѕРє;['РџСЂРѕС‚РµСЃС‚РёСЂРѕРІР°РЅ', 'СЃ', '6.5.2']EmbedPress вЂ“ Embed PDF, Google Docs, Vimeo, Wistia, Embed YouTube Videos, Audios, Maps & Embed Any Documents in Gutenberg & Elementor;https://ru.wordpress.org/plugins/embedpress/;EmbedPress lets you embed videos, images, posts, upload PDFs & other 150+ types of contentвЂ¦;90В 000+ Р°РєС‚РёРІРЅС‹С… СѓСЃС‚Р°РЅРѕРІРѕРє;['РџСЂРѕС‚РµСЃС‚РёСЂРѕРІР°РЅ', 'СЃ', '6.5.2']Event Tickets and Registration;https://ru.wordpress.org/plugins/event-tickets/;Event Tickets РїРѕР·РІРѕР»СЏРµС‚ РІР°С€РёРј РїРѕСЃРµС‚РёС‚РµР»СЏРј СЂРµРіРёСЃС‚СЂРёСЂРѕРІР°С‚СЊСЃСЏ Рё РїРѕРєСѓРїР°С‚СЊ Р±РёР»РµС‚С‹ РЅР° РјРµСЂРѕРїСЂРёСЏС‚РёСЏ РЅР° РІР°С€РµРј СЃР°Р№С‚Рµ. РўР°РєР¶РµвЂ¦;80В 000+ Р°РєС‚РёРІРЅС‹С… СѓСЃС‚Р°РЅРѕРІРѕРє;['РџСЂРѕС‚РµСЃС‚РёСЂРѕРІР°РЅ', 'СЃ', '6.5.2']Easy Forms for Mailchimp;https://ru.wordpress.org/plugins/yikes-inc-easy-mailchimp-extender/;The ultimate Mailchimp WordPress plugin. Easily build unlimited forms for your Mailchimp lists, add themвЂ¦;80В 000+ Р°РєС‚РёРІРЅС‹С… СѓСЃС‚Р°РЅРѕРІРѕРє;['РџСЂРѕС‚РµСЃС‚РёСЂРѕРІР°РЅ', 'СЃ', '6.4.4']User Profile Picture;https://ru.wordpress.org/plugins/metronet-profile-picture/;РЈСЃС‚Р°РЅРѕРІРёС‚Рµ РїРѕР»СЊР·РѕРІР°С‚РµР»СЊСЃРєРѕРµ РёР·РѕР±СЂР°Р¶РµРЅРёРµ РїСЂРѕС„РёР»СЏ (Р°РІР°С‚Р°СЂ) РґР»СЏ РїРѕР»СЊР·РѕРІР°С‚РµР»СЏ СЃ РїРѕРјРѕС‰СЊСЋ СЃС‚Р°РЅРґР°СЂС‚РЅРѕРіРѕ РёРЅСЃС‚СЂСѓРјРµРЅС‚Р° Р·Р°РіСЂСѓР·РєРё РјСѓР»СЊС‚РёРјРµРґРёР° WordPress.;60В 000+ Р°РєС‚РёРІРЅС‹С… СѓСЃС‚Р°РЅРѕРІРѕРє;['РџСЂРѕС‚РµСЃС‚РёСЂРѕРІР°РЅ', 'СЃ', '6.3.4']Site Reviews;https://ru.wordpress.org/plugins/site-reviews/;Site Reviews is a complete review management solution for your website that is designed toвЂ¦;60В 000+ Р°РєС‚РёРІРЅС‹С… СѓСЃС‚Р°РЅРѕРІРѕРє;['РџСЂРѕС‚РµСЃС‚РёСЂРѕРІР°РЅ', 'СЃ', '6.4.4']Getwid вЂ” Gutenberg Р±Р»РѕРєРё;https://ru.wordpress.org/plugins/getwid/;40+ Gutenberg Р±Р»РѕРєР° РїР»СЋСЃ РјРЅРѕР¶РµСЃС‚РІРѕ РіРѕС‚РѕРІС‹С… Р±РµСЃРїР»Р°С‚РЅС‹С… С€Р°Р±Р»РѕРЅРѕРІ РґР»СЏ СЂРµРґР°РєС‚РѕСЂР° Р±Р»РѕРєРѕРІ WordPress.;60В 000+ Р°РєС‚РёРІРЅС‹С… СѓСЃС‚Р°РЅРѕРІРѕРє;['РџСЂРѕС‚РµСЃС‚РёСЂРѕРІР°РЅ', 'СЃ', '6.4.4']WP Booking Calendar;https://ru.wordpress.org/plugins/booking/;"Original ""Booking Calendar"" plugin. Easily manage full-day bookings, time-slot appointments, or events in our all-in-one,вЂ¦";60В 000+ Р°РєС‚РёРІРЅС‹С… СѓСЃС‚Р°РЅРѕРІРѕРє;['РџСЂРѕС‚РµСЃС‚РёСЂРѕРІР°РЅ', 'СЃ', '6.5.2']Form Maker by 10Web вЂ” РЈРґРѕР±РЅС‹Р№ РґР»СЏ РјРѕР±РёР»СЊРЅС‹С… СѓСЃС‚СЂРѕР№СЃС‚РІ РєРѕРЅСЃС‚СЂСѓРєС‚РѕСЂ РєРѕРЅС‚Р°РєС‚РЅС‹С… С„РѕСЂРј СЃ РїРµСЂРµС‚Р°СЃРєРёРІР°РЅРёРµРј;https://ru.wordpress.org/plugins/form-maker/;Form Maker вЂ” СЌС‚Рѕ СѓРґРѕР±РЅС‹Р№ РєРѕРЅСЃС‚СЂСѓРєС‚РѕСЂ РєРѕРЅС‚Р°РєС‚РЅС‹С… С„РѕСЂРј, РєРѕС‚РѕСЂС‹Р№ РїРѕР·РІРѕР»СЏРµС‚ СЃРѕР·РґР°РІР°С‚СЊ С„РѕСЂРјС‹ РґР»СЏ Р»СЋР±С‹С… С†РµР»РµР№,вЂ¦;60В 000+ Р°РєС‚РёРІРЅС‹С… СѓСЃС‚Р°РЅРѕРІРѕРє;['РџСЂРѕС‚РµСЃС‚РёСЂРѕРІР°РЅ', 'СЃ', '6.5.2']Calculated Fields Form;https://ru.wordpress.org/plugins/calculated-fields-form/;The CFF plugin allows you to create both simple and professional forms. Its form builderвЂ¦;50В 000+ Р°РєС‚РёРІРЅС‹С… СѓСЃС‚Р°РЅРѕРІРѕРє;['РџСЂРѕС‚РµСЃС‚РёСЂРѕРІР°РЅ', 'СЃ', '6.5.2']Ultimate Blocks вЂ” РџР»Р°РіРёРЅ Р±Р»РѕРєРѕРІ WordPress;https://ru.wordpress.org/plugins/ultimate-blocks/;Create Better Content With The Block Editor. Custom Blocks for Bloggers and Content Marketers.;50В 000+ Р°РєС‚РёРІРЅС‹С… СѓСЃС‚Р°РЅРѕРІРѕРє;['РџСЂРѕС‚РµСЃС‚РёСЂРѕРІР°РЅ', 'СЃ', '6.5.2']User Profile Builder вЂ” Beautiful User Registration Forms, User Profiles & User Role Editor;https://ru.wordpress.org/plugins/profile-builder/;Powerful user profile plugin to create front-end user registration forms, login & user profile forms.вЂ¦;50В 000+ Р°РєС‚РёРІРЅС‹С… СѓСЃС‚Р°РЅРѕРІРѕРє;['РџСЂРѕС‚РµСЃС‚РёСЂРѕРІР°РЅ', 'СЃ', '6.5.2']WP Recipe Maker;https://ru.wordpress.org/plugins/wp-recipe-maker/;РџСЂРѕСЃС‚РѕР№ Рё СѓРґРѕР±РЅС‹Р№ РїР»Р°РіРёРЅ СЂРµС†РµРїС‚РѕРІ РґР»СЏ РІСЃРµС…. РђРІС‚РѕРјР°С‚РёС‡РµСЃРєРёРµ РјРµС‚Р°РґР°РЅРЅС‹Рµ JSON-LD РјРµС‚Р°РґР°РЅРЅС‹Рµ РґР»СЏ РµРґС‹ Рё СЂРµС†РµРїС‚РѕРІвЂ¦;50В 000+ Р°РєС‚РёРІРЅС‹С… СѓСЃС‚Р°РЅРѕРІРѕРє;['РџСЂРѕС‚РµСЃС‚РёСЂРѕРІР°РЅ', 'СЃ', '6.5.2']RSS Aggregator by Feedzy вЂ“ Feed to Post, Autoblogging, News & YouTube Video Feeds Aggregator;https://ru.wordpress.org/plugins/feedzy-rss-feeds/;The most powerful WordPress RSS aggregator, helping you curate content, autoblog, import RSS & displayвЂ¦;50В 000+ Р°РєС‚РёРІРЅС‹С… СѓСЃС‚Р°РЅРѕРІРѕРє;['РџСЂРѕС‚РµСЃС‚РёСЂРѕРІР°РЅ', 'СЃ', '6.5.2']Photo Gallery, Images, Slider in Rbs Image Gallery;https://ru.wordpress.org/plugins/robo-gallery/;Rbs Image Gallery вЂ” СЂР°СЃС€РёСЂРµРЅРЅС‹Р№ РїР»Р°РіРёРЅ РґР»СЏ СЃРѕР·РґР°РЅРёСЏ Р°РґР°РїС‚РёРІРЅРѕР№ С„РѕС‚РѕРіР°Р»РµСЂРµРё. Р“РёР±РєРёРµ РёРЅСЃС‚СЂСѓРјРµРЅС‚С‹ СѓРїСЂР°РІР»РµРЅРёСЏ РёР·РѕР±СЂР°Р¶РµРЅРёСЏРјРё РіР°Р»РµСЂРµРё.вЂ¦;50В 000+ Р°РєС‚РёРІРЅС‹С… СѓСЃС‚Р°РЅРѕРІРѕРє;['РџСЂРѕС‚РµСЃС‚РёСЂРѕРІР°РЅ', 'СЃ', '6.5.2']Slider by Soliloquy вЂ” Responsive Image Slider for WordPress;https://ru.wordpress.org/plugins/soliloquy-lite/;The best WordPress slider plugin. Drag & Drop responsive slider builder that helps you createвЂ¦;40В 000+ Р°РєС‚РёРІРЅС‹С… СѓСЃС‚Р°РЅРѕРІРѕРє;['РџСЂРѕС‚РµСЃС‚РёСЂРѕРІР°РЅ', 'СЃ', '6.5.2']ConvertKit вЂ” Email Newsletter, Email Marketing, Subscribers and Landing Pages;https://ru.wordpress.org/plugins/convertkit/;"ConvertKit makes it easy to create, send and manage your email marketing campaigns; grow yourвЂ¦";40В 000+ Р°РєС‚РёРІРЅС‹С… СѓСЃС‚Р°РЅРѕРІРѕРє;['РџСЂРѕС‚РµСЃС‚РёСЂРѕРІР°РЅ', 'СЃ', '6.5.2']Gutentor вЂ” Gutenberg Blocks вЂ” Page Builder for Gutenberg Editor;https://ru.wordpress.org/plugins/gutentor/;Advanced yet easy, Gutenberg editor page builder blocks. Create a masterpiece, pixel perfect website usingвЂ¦;40В 000+ Р°РєС‚РёРІРЅС‹С… СѓСЃС‚Р°РЅРѕРІРѕРє;['РџСЂРѕС‚РµСЃС‚РёСЂРѕРІР°РЅ', 'СЃ', '6.5.2']Qi Blocks;https://ru.wordpress.org/plugins/qi-blocks/;Qi Blocks is the largest collection of Gutenberg blocks developed by Qode Interactive.;40В 000+ Р°РєС‚РёРІРЅС‹С… СѓСЃС‚Р°РЅРѕРІРѕРє;['РџСЂРѕС‚РµСЃС‚РёСЂРѕРІР°РЅ', 'СЃ', '6.5.2']Advanced Responsive Video Embedder (Rumble, YouTube, Vimeo, HTML5 Video вЂ¦);https://ru.wordpress.org/plugins/advanced-responsive-video-embedder/;Easy video embeds via URLs or shortcodes or Blocks. Perfect drop-in replacement for WordPress' defaultвЂ¦;40В 000+ Р°РєС‚РёРІРЅС‹С… СѓСЃС‚Р°РЅРѕРІРѕРє;['РџСЂРѕС‚РµСЃС‚РёСЂРѕРІР°РЅ', 'СЃ', '6.5.2']Post Grid Gutenberg Blocks and WordPress Blog Plugin вЂ“ PostX;https://ru.wordpress.org/plugins/ultimate-post/;PostX is the #1 WordPress Blog Magazine Plugin to create any kind of News, Magazine,вЂ¦;40В 000+ Р°РєС‚РёРІРЅС‹С… СѓСЃС‚Р°РЅРѕРІРѕРє;['РџСЂРѕС‚РµСЃС‚РёСЂРѕРІР°РЅ', 'СЃ', '6.5.2']Timetable and Event Schedule by MotoPress;https://ru.wordpress.org/plugins/mp-timetable/;РЈРјРЅС‹Р№ РѕСЂРіР°РЅРёР·Р°С‚РѕСЂ Рё С‚Р°Р№Рј-РјРµРЅРµРґР¶РјРµРЅС‚ РёРЅСЃС‚СЂСѓРјРµРЅС‚ СЃ С‡РёСЃС‚С‹Рј РјРёРЅРёРјР°Р»РёСЃС‚РёС‡РЅС‹Рј РґРёР·Р°Р№РЅРѕРј РґР»СЏ РІС‹РІРѕРґР° СЂР°СЃРїРёСЃР°РЅРёР№ РїСЂРµРґСЃС‚РѕСЏС‰РёС… СЃРѕР±С‹С‚РёР№.;30В 000+ Р°РєС‚РёРІРЅС‹С… СѓСЃС‚Р°РЅРѕРІРѕРє;['РџСЂРѕС‚РµСЃС‚РёСЂРѕРІР°РЅ', 'СЃ', '6.4.4']ThirstyAffiliates вЂ” Affiliate Links, Link Branding, Link Tracking & Marketing Plugin;https://ru.wordpress.org/plugins/thirstyaffiliates/;рџ”— Affiliate link management & cloaker tool. Easily manage, shrink and track your affiliate linksвЂ¦;30В 000+ Р°РєС‚РёРІРЅС‹С… СѓСЃС‚Р°РЅРѕРІРѕРє;['РџСЂРѕС‚РµСЃС‚РёСЂРѕРІР°РЅ', 'СЃ', '6.4.4']Constant Contact Forms;https://ru.wordpress.org/plugins/constant-contact-forms/;РћС„РёС†РёР°Р»СЊРЅС‹Р№ РїР»Р°РіРёРЅ Constant Contact РґРѕР±Р°РІР»СЏРµС‚ РЅР° РІР°С€ СЃР°Р№С‚ WordPress РєРѕРЅС‚Р°РєС‚РЅСѓСЋ С„РѕСЂРјСѓ РґР»СЏ Р±С‹СЃС‚СЂРѕРіРѕ СЃР±РѕСЂР° РёРЅС„РѕСЂРјР°С†РёРёвЂ¦;30В 000+ Р°РєС‚РёРІРЅС‹С… СѓСЃС‚Р°РЅРѕРІРѕРє;['РџСЂРѕС‚РµСЃС‚РёСЂРѕРІР°РЅ', 'СЃ', '6.5.2']Uncanny Toolkit for LearnDash;https://ru.wordpress.org/plugins/uncanny-learndash-toolkit/;Extend LearnDash with a variety of useful functions that make it even easier to buildвЂ¦;30В 000+ Р°РєС‚РёРІРЅС‹С… СѓСЃС‚Р°РЅРѕРІРѕРє;['РџСЂРѕС‚РµСЃС‚РёСЂРѕРІР°РЅ', 'СЃ', '6.4.4']Visualizer: Tables and Charts Manager for WordPress;https://ru.wordpress.org/plugins/visualizer/;РџСЂРѕСЃС‚РѕР№ Рё РјРѕС‰РЅС‹Р№ РїР»Р°РіРёРЅ РґРёР°РіСЂР°РјРј WordPress РґР»СЏ СЃРѕР·РґР°РЅРёСЏ Р°РґР°РїС‚РёРІРЅС‹С… РґРёР°РіСЂР°РјРј Рё С‚Р°Р±Р»РёС† Рё РІСЃС‚СЂР°РёРІР°РЅРёСЏ РёС…вЂ¦;30В 000+ Р°РєС‚РёРІРЅС‹С… СѓСЃС‚Р°РЅРѕРІРѕРє;['РџСЂРѕС‚РµСЃС‚РёСЂРѕРІР°РЅ', 'СЃ', '6.5.2']Form builder to get in touch with visitors, grow your email list and collect payments вЂ” Happyforms;https://ru.wordpress.org/plugins/happyforms/;Contact form, newsletter form and payment form builder without the sucky stuff вЂ” lost emails,вЂ¦;30В 000+ Р°РєС‚РёРІРЅС‹С… СѓСЃС‚Р°РЅРѕРІРѕРє;['РџСЂРѕС‚РµСЃС‚РёСЂРѕРІР°РЅ', 'СЃ', '6.5.2']Accept Stripe Payments;https://ru.wordpress.org/plugins/stripe-payments/;Easily accept payments on your WordPress site via Stripe payment gateway.;30В 000+ Р°РєС‚РёРІРЅС‹С… СѓСЃС‚Р°РЅРѕРІРѕРє;['РџСЂРѕС‚РµСЃС‚РёСЂРѕРІР°РЅ', 'СЃ', '6.5.2']Gallery Blocks with Lightbox. Image Gallery, (HTML5 video , YouTube, Vimeo) Video Gallery and Lightbox for native gallery;https://ru.wordpress.org/plugins/simply-gallery-block/;Р”РІР° РІ РѕРґРЅРѕРј. Р‘Р»РѕРєРё РіР°Р»РµСЂРµРё Gutenberg (Masonry, Justified, Slider, Carousel, Grid) Рё РЅР°СЃС‚СЂР°РёРІР°РµРјС‹Р№ Р»Р°Р№С‚Р±РѕРєСЃ.;30В 000+ Р°РєС‚РёРІРЅС‹С… СѓСЃС‚Р°РЅРѕРІРѕРє;['РџСЂРѕС‚РµСЃС‚РёСЂРѕРІР°РЅ', 'СЃ', '6.4.4']Gutenberg Blocks вЂ” PublishPress Blocks Gutenberg Editor Plugin;https://ru.wordpress.org/plugins/advanced-gutenberg/;PublishPress Blocks include accordions, galleries, sliders, tabs, maps and more. Plus it has the bestвЂ¦;30В 000+ Р°РєС‚РёРІРЅС‹С… СѓСЃС‚Р°РЅРѕРІРѕРє;['РџСЂРѕС‚РµСЃС‚РёСЂРѕРІР°РЅ', 'СЃ', '6.5.2']Blocks Collection;https://ru.wordpress.org/plugins/blocks-collection/;Blocks Collection plugin is a collection of page building premium blocks for the new WordpressвЂ¦;РњРµРЅРµРµ 10 Р°РєС‚РёРІРЅС‹С… СѓСЃС‚Р°РЅРѕРІРѕРє;['РџСЂРѕС‚РµСЃС‚РёСЂРѕРІР°РЅ', 'СЃ', '6.1.6']affiliate-amazon-block(aab);https://ru.wordpress.org/plugins/affiliate-amazon-blockaab/;"Add ""Amazon"" block to your block editor. Useful to add affiliate link.";РњРµРЅРµРµ 10 Р°РєС‚РёРІРЅС‹С… СѓСЃС‚Р°РЅРѕРІРѕРє;['РџСЂРѕС‚РµСЃС‚РёСЂРѕРІР°РЅ', 'СЃ', '5.1.18']Builder Blocks;https://ru.wordpress.org/plugins/builder-blocks/;A library of simple, easy to use blocks for the new WordPress Gutenberg editor.;РњРµРЅРµРµ 10 Р°РєС‚РёРІРЅС‹С… СѓСЃС‚Р°РЅРѕРІРѕРє;['РџСЂРѕС‚РµСЃС‚РёСЂРѕРІР°РЅ', 'СЃ', '5.0.21']DuoGeek вЂ” Gutenberg Blocks;https://ru.wordpress.org/plugins/duogeek-blocks/;Gutenberg Blocks to help you with the new WordPress block editor.;РњРµРЅРµРµ 10 Р°РєС‚РёРІРЅС‹С… СѓСЃС‚Р°РЅРѕРІРѕРє;['РџСЂРѕС‚РµСЃС‚РёСЂРѕРІР°РЅ', 'СЃ', '5.4.15']mowomo Google Reviews;https://ru.wordpress.org/plugins/mowomo-google-reviews/;mowomo Google Reviews is a plugin that allows you to display your Google company ratingsвЂ¦;РњРµРЅРµРµ 10 Р°РєС‚РёРІРЅС‹С… СѓСЃС‚Р°РЅРѕРІРѕРє;['РџСЂРѕС‚РµСЃС‚РёСЂРѕРІР°РЅ', 'СЃ', '5.5.14']Taro iframe Block;https://ru.wordpress.org/plugins/taro-iframe-block/;Add iframe block for your editor. Responsive and keeping aspect ratio.;РњРµРЅРµРµ 10 Р°РєС‚РёРІРЅС‹С… СѓСЃС‚Р°РЅРѕРІРѕРє;['РџСЂРѕС‚РµСЃС‚РёСЂРѕРІР°РЅ', 'СЃ', '5.7.11']Advance Block Extend;https://ru.wordpress.org/plugins/advance-block-extend/;The creative and advance blocks for the Gutenberg.;РњРµРЅРµРµ 10 Р°РєС‚РёРІРЅС‹С… СѓСЃС‚Р°РЅРѕРІРѕРє;['РџСЂРѕС‚РµСЃС‚РёСЂРѕРІР°РЅ', 'СЃ', '5.5.14']Blog Blocks вЂ” Gutenberg Blocks for Content Writers;https://ru.wordpress.org/plugins/blog-blocks/;Blocks for content writers to make your articles more attractive to readers with elements suchвЂ¦;РњРµРЅРµРµ 10 Р°РєС‚РёРІРЅС‹С… СѓСЃС‚Р°РЅРѕРІРѕРє;['РџСЂРѕС‚РµСЃС‚РёСЂРѕРІР°РЅ', 'СЃ', '5.2.20']UniCard;https://ru.wordpress.org/plugins/unicard/;UniCard вЂ” A block plugin that can be used to create a card block withвЂ¦;РњРµРЅРµРµ 10 Р°РєС‚РёРІРЅС‹С… СѓСЃС‚Р°РЅРѕРІРѕРє;['РџСЂРѕС‚РµСЃС‚РёСЂРѕРІР°РЅ', 'СЃ', '5.3.17']Blocks Collection;https://ru.wordpress.org/plugins/blocks-collection/;Blocks Collection plugin is a collection of page building premium blocks for the new Wordpress…;Менее 10 активных установок;['Протестирован', 'с', '6.1.6']affiliate-amazon-block(aab);https://ru.wordpress.org/plugins/affiliate-amazon-blockaab/;"Add ""Amazon"" block to your block editor. Useful to add affiliate link.";Менее 10 активных установок;['Протестирован', 'с', '5.1.18']Builder Blocks;https://ru.wordpress.org/plugins/builder-blocks/;A library of simple, easy to use blocks for the new WordPress Gutenberg editor.;Менее 10 активных установок;['Протестирован', 'с', '5.0.21']DuoGeek — Gutenberg Blocks;https://ru.wordpress.org/plugins/duogeek-blocks/;Gutenberg Blocks to help you with the new WordPress block editor.;Менее 10 активных установок;['Протестирован', 'с', '5.4.15']mowomo Google Reviews;https://ru.wordpress.org/plugins/mowomo-google-reviews/;mowomo Google Reviews is a plugin that allows you to display your Google company ratings…;Менее 10 активных установок;['Протестирован', 'с', '5.5.14']Taro iframe Block;https://ru.wordpress.org/plugins/taro-iframe-block/;Add iframe block for your editor. Responsive and keeping aspect ratio.;Менее 10 активных установок;['Протестирован', 'с', '5.7.11']Advance Block Extend;https://ru.wordpress.org/plugins/advance-block-extend/;The creative and advance blocks for the Gutenberg.;Менее 10 активных установок;['Протестирован', 'с', '5.5.14']Blog Blocks — Gutenberg Blocks for Content Writers;https://ru.wordpress.org/plugins/blog-blocks/;Blocks for content writers to make your articles more attractive to readers with elements such…;Менее 10 активных установок;['Протестирован', 'с', '5.2.20']UniCard;https://ru.wordpress.org/plugins/unicard/;UniCard — A block plugin that can be used to create a card block with…;Менее 10 активных установок;['Протестирован', 'с', '5.3.17']